강아지 중성화,https://kin.naver.com/qna/detail.naver?d1id=8&dirId=80511&docId=493252395&qb=6rCV7JWE7KeA&enc=utf8
강아지 파보바이러스,https://kin.naver.com/qna/detail.naver?d1id=8&dirId=80511&docId=493268610&qb=6rCV7JWE7KeA&enc=utf8
강아지 소유권 분쟁 해결 방법과 소송 절차,https://kin.naver.com/qna/detail.naver?d1id=6&dirId=60215&docId=493273649&qb=6rCV7JWE7KeA&enc=utf8
토5개강아지와 궁합,https://kin.naver.com/qna/detail.naver?d1id=3&dirId=31501&docId=493228713&qb=6rCV7JWE7KeA&enc=utf8
강아지 입양,https://kin.naver.com/qna/detail.naver?d1id=8&dirId=8050101&docId=492943545&qb=6rCV7JWE7KeA&enc=utf8
강아지 산책중 사고,https://kin.naver.com/qna/detail.naver?d1id=6&dirId=6020602&docId=492787706&qb=6rCV7JWE7KeA&enc=utf8
강아지 접종 주기,https://kin.naver.com/qna/detail.naver?d1id=8&dirId=80511&docId=492805810&qb=6rCV7JWE7KeA&enc=utf8
강아지가 한쪽 눈 백내장 수술 후 실명,https://kin.naver.com/qna/detail.naver?d1id=7&dirId=70112&docId=492139385&qb=6rCV7JWE7KeA&enc=utf8
강아지 입양 궁금한점이 있어요,https://kin.naver.com/qna/detail.naver?d1id=8&dirId=8050101&docId=493239667&qb=6rCV7JWE7KeA&enc=utf8
강아지 담낭제거 및 복막염 재수술,https://kin.naver.com/qna/detail.naver?d1id=7&dirId=70301&docId=493251323&qb=6rCV7JWE7KeA&enc=utf8
강아지 이거 진짜 비매너 아닌가요?,https://kin.naver.com/qna/detail.naver?d1id=8&dirId=8050104&docId=493080114&qb=6rCV7JWE7KeA&enc=utf8
강아지 건포도,https://kin.naver.com/qna/detail.naver?d1id=7&dirId=71104&docId=493211431&qb=6rCV7JWE7KeA&enc=utf8
6개월 강아지 사회화,https://kin.naver.com/qna/detail.naver?d1id=8&dirId=8050104&docId=493211282&qb=6rCV7JWE7KeA&enc=utf8
주행중 사고(강아지),https://kin.naver.com/qna/detail.naver?d1id=6&dirId=60213&docId=491963443&qb=6rCV7JWE7KeA&enc=utf8
강아지 발,https://kin.naver.com/qna/detail.naver?d1id=8&dirId=80511&docId=493278315&qb=6rCV7JWE7KeA&enc=utf8
김해 강아지 무료 분양 하는곳 있을까요?,https://kin.naver.com/qna/detail.naver?d1id=8&dirId=8050101&docId=492634778&qb=6rCV7JWE7KeA&enc=utf8
노견강아지 검강검진,https://kin.naver.com/qna/detail.naver?d1id=8&dirId=80511&docId=493270892&qb=6rCV7JWE7KeA&enc=utf8
강아지한테 갈색 털이 나요,https://kin.naver.com/qna/detail.naver?d1id=8&dirId=8050105&docId=492440088&qb=6rCV7JWE7KeA&enc=utf8
강아지 여행 문제.. 어떻게 해야할까요?,https://kin.naver.com/qna/detail.naver?d1id=8&dirId=8050101&docId=493210186&qb=6rCV7JWE7KeA&enc=utf8
애견동반카페에서 강아지 물림 사고... ,https://kin.naver.com/qna/detail.naver?d1id=6&dirId=60215&docId=492552023&qb=6rCV7JWE7KeA&enc=utf8
강아지 중성화??,https://kin.naver.com/qna/detail.naver?d1id=8&dirId=80511&docId=492202049&qb=6rCV7JWE7KeA&enc=utf8
강아지 입양처 알려주세요~,https://kin.naver.com/qna/detail.naver?d1id=8&dirId=8050101&docId=493281803&qb=6rCV7JWE7KeA&enc=utf8
강아지 공격성,https://kin.naver.com/qna/detail.naver?d1id=8&dirId=80511&docId=491039421&qb=6rCV7JWE7KeA&enc=utf8
강아지 슬개골탈구,https://kin.naver.com/qna/detail.naver?d1id=8&dirId=80511&docId=492708849&qb=6rCV7JWE7KeA&enc=utf8
"강아지 파양 후 물림사고 발생, 어떻게... ",https://kin.naver.com/qna/detail.naver?d1id=6&dirId=60215&docId=493157981&qb=6rCV7JWE7KeA&enc=utf8
강아지 뾰루지,https://kin.naver.com/qna/detail.naver?d1id=8&dirId=80511&docId=492382228&qb=6rCV7JWE7KeA&enc=utf8
강아지 분양 받는 곳 있을까요?,https://kin.naver.com/qna/detail.naver?d1id=8&dirId=8050101&docId=492693296&qb=6rCV7JWE7KeA&enc=utf8
강아지 공복 노란토,https://kin.naver.com/qna/detail.naver?d1id=8&dirId=80511&docId=492772249&qb=6rCV7JWE7KeA&enc=utf8
강아지 건포도,https://kin.naver.com/qna/detail.naver?d1id=8&dirId=80511&docId=492391519&qb=6rCV7JWE7KeA&enc=utf8
4개월 강아지 구토,https://kin.naver.com/qna/detail.naver?d1id=8&dirId=80511&docId=492968111&qb=6rCV7JWE7KeA&enc=utf8
강아지 잠복고환,https://kin.naver.com/qna/detail.naver?d1id=8&dirId=80511&docId=492892256&qb=6rCV7JWE7KeA&enc=utf8
강아지 소유권 문제와 스토킹 접근명령... ,https://kin.naver.com/qna/detail.naver?d1id=6&dirId=60215&docId=493290433&qb=6rCV7JWE7KeA&enc=utf8
강아지가 양파를 먹었어요 ㅠㅠ,https://kin.naver.com/qna/detail.naver?d1id=8&dirId=80511&docId=492958247&qb=6rCV7JWE7KeA&enc=utf8
강아지가 양파를 먹었어요,https://kin.naver.com/qna/detail.naver?d1id=8&dirId=80511&docId=493196866&qb=6rCV7JWE7KeA&enc=utf8
저희 강아지 아픈 건가요?,https://kin.naver.com/qna/detail.naver?d1id=8&dirId=80511&docId=493246407&qb=6rCV7JWE7KeA&enc=utf8
강아지 중성화,https://kin.naver.com/qna/detail.naver?d1id=8&dirId=80511&docId=493046086&qb=6rCV7JWE7KeA&enc=utf8
강아지 물설사 + 점액변 나오는데 괜찮나요?,https://kin.naver.com/qna/detail.naver?d1id=8&dirId=80511&docId=492913979&qb=6rCV7JWE7KeA&enc=utf8
강아지 혈뇨,https://kin.naver.com/qna/detail.naver?d1id=8&dirId=80511&docId=492233438&qb=6rCV7JWE7KeA&enc=utf8
강아지 파보바이러스,https://kin.naver.com/qna/detail.naver?d1id=8&dirId=80511&docId=492410585&qb=6rCV7JWE7KeA&enc=utf8
강아지 꼬리 진물?,https://kin.naver.com/qna/detail.naver?d1id=8&dirId=80511&docId=493285789&qb=6rCV7JWE7KeA&enc=utf8
강아지 혈뇨,https://kin.naver.com/qna/detail.naver?d1id=8&dirId=80511&docId=493131764&qb=6rCV7JWE7KeA&enc=utf8
강아지 방문,https://kin.naver.com/qna/detail.naver?d1id=8&dirId=80511&docId=493164676&qb=6rCV7JWE7KeA&enc=utf8
5개월 강아지 설사(사진주의),https://kin.naver.com/qna/detail.naver?d1id=8&dirId=80511&docId=493140190&qb=6rCV7JWE7KeA&enc=utf8
강아지 종양 (사진있습니다),https://kin.naver.com/qna/detail.naver?d1id=8&dirId=80511&docId=493215936&qb=6rCV7JWE7KeA&enc=utf8
"말티즈 강아지 4살 발작,마음의준비",https://kin.naver.com/qna/detail.naver?d1id=8&dirId=80511&docId=492660099&qb=6rCV7JWE7KeA&enc=utf8
강아지 어디가 아픈걸까요?,https://kin.naver.com/qna/detail.naver?d1id=8&dirId=80511&docId=493138502&qb=6rCV7JWE7KeA&enc=utf8
3개월 강아지 혈뇨 혈변,https://kin.naver.com/qna/detail.naver?d1id=8&dirId=80511&docId=492731983&qb=6rCV7JWE7KeA&enc=utf8
강아지 중성화 된건가요?,https://kin.naver.com/qna/detail.naver?d1id=8&dirId=80511&docId=493031234&qb=6rCV7JWE7KeA&enc=utf8
강아지가 기침을 해요,https://kin.naver.com/qna/detail.naver?d1id=8&dirId=80511&docId=492154273&qb=6rCV7JWE7KeA&enc=utf8
이거 강아지 배에 핏줄 뭐에요?,https://kin.naver.com/qna/detail.naver?d1id=8&dirId=80511&docId=493241617&qb=6rCV7JWE7KeA&enc=utf8
2개월 강아지 배에 뭔가요??,https://kin.naver.com/qna/detail.naver?d1id=8&dirId=80511&docId=492392129&qb=6rCV7JWE7KeA&enc=utf8
강아지 닭뼈,https://kin.naver.com/qna/detail.naver?d1id=8&dirId=80511&docId=493274094&qb=6rCV7JWE7KeA&enc=utf8
강아지 입양 후 내용증명 대응 방법은?,https://kin.naver.com/qna/detail.naver?d1id=6&dirId=60215&docId=493197309&qb=6rCV7JWE7KeA&enc=utf8
강아지 토,https://kin.naver.com/qna/detail.naver?d1id=8&dirId=80511&docId=493027150&qb=6rCV7JWE7KeA&enc=utf8
강아지 찐득한 거품토,https://kin.naver.com/qna/detail.naver?d1id=8&dirId=80511&docId=492702600&qb=6rCV7JWE7KeA&enc=utf8
5살 실버푸들 강아지 다이제 쳐먹음,https://kin.naver.com/qna/detail.naver?d1id=8&dirId=80511&docId=492813056&qb=6rCV7JWE7KeA&enc=utf8
강아지 생식기에 이런 혹이 생겼는데... ,https://kin.naver.com/qna/detail.naver?d1id=8&dirId=80511&docId=493190399&qb=6rCV7JWE7KeA&enc=utf8
강아지 귀 뒤 진드기 성충,https://kin.naver.com/qna/detail.naver?d1id=8&dirId=80511&docId=492888842&qb=6rCV7JWE7KeA&enc=utf8
강아지 다리에 검은색,https://kin.naver.com/qna/detail.naver?d1id=8&dirId=80511&docId=493284254&qb=6rCV7JWE7KeA&enc=utf8
강아지가 사람 알약을 먹은 것 같아요,https://kin.naver.com/qna/detail.naver?d1id=8&dirId=80511&docId=492416255&qb=6rCV7JWE7KeA&enc=utf8
"펫샵 강아지 분양 후 심장병 진단, 보상... ",https://kin.naver.com/qna/detail.naver?d1id=6&dirId=60215&docId=492973944&qb=6rCV7JWE7KeA&enc=utf8
강아지 증상 이거 뭘까요..ㅠ,https://kin.naver.com/qna/detail.naver?d1id=8&dirId=80511&docId=491346491&qb=6rCV7JWE7KeA&enc=utf8
강아지 감기 왜이러는걸까요..?,https://kin.naver.com/qna/detail.naver?d1id=8&dirId=80511&docId=490743262&qb=6rCV7JWE7KeA&enc=utf8
3개월 믹스견 강아지 넥스가드 복용 질문,https://kin.naver.com/qna/detail.naver?d1id=8&dirId=80511&docId=493277211&qb=6rCV7JWE7KeA&enc=utf8
강아지 인슐린 주사기 용량문의,https://kin.naver.com/qna/detail.naver?d1id=8&dirId=80511&docId=493267271&qb=6rCV7JWE7KeA&enc=utf8
강아지 피부 혹? 종양?,https://kin.naver.com/qna/detail.naver?d1id=8&dirId=80511&docId=492941732&qb=6rCV7JWE7KeA&enc=utf8
강아지이상한 기침소리,https://kin.naver.com/qna/detail.naver?d1id=8&dirId=80511&docId=490780632&qb=6rCV7JWE7KeA&enc=utf8
수컷 강아지 마운팅,https://kin.naver.com/qna/detail.naver?d1id=8&dirId=80511&docId=492109128&qb=6rCV7JWE7KeA&enc=utf8
강아지 증상?,https://kin.naver.com/qna/detail.naver?d1id=8&dirId=80511&docId=492985215&qb=6rCV7JWE7KeA&enc=utf8
강아지 눈에 흰색 점 같은게 생겼어요,https://kin.naver.com/qna/detail.naver?d1id=8&dirId=80511&docId=493031239&qb=6rCV7JWE7KeA&enc=utf8
강아지 눈에 하얀색이 뭔가요?,https://kin.naver.com/qna/detail.naver?d1id=8&dirId=80511&docId=493295599&qb=6rCV7JWE7KeA&enc=utf8
강아지 설사 점액질 혈변?,https://kin.naver.com/qna/detail.naver?d1id=8&dirId=80511&docId=492886950&qb=6rCV7JWE7KeA&enc=utf8
강아지 진찰만 받을 수 있을까요?,https://kin.naver.com/qna/detail.naver?d1id=8&dirId=80511&docId=490686094&qb=6rCV7JWE7KeA&enc=utf8
강아지 밀크초콜릿,https://kin.naver.com/qna/detail.naver?d1id=8&dirId=80511&docId=492353652&qb=6rCV7JWE7KeA&enc=utf8
강아지 사마귀,https://kin.naver.com/qna/detail.naver?d1id=8&dirId=80511&docId=491979305&qb=6rCV7JWE7KeA&enc=utf8
강아지 헥헥 거리더니 토했어요,https://kin.naver.com/qna/detail.naver?d1id=8&dirId=80511&docId=493188820&qb=6rCV7JWE7KeA&enc=utf8
강아지 슬개골 탈구인지 확인 가능할까요?,https://kin.naver.com/qna/detail.naver?d1id=8&dirId=80511&docId=492971240&qb=6rCV7JWE7KeA&enc=utf8
강아지 피부병인가요,https://kin.naver.com/qna/detail.naver?d1id=8&dirId=80511&docId=490137331&qb=6rCV7JWE7KeA&enc=utf8
강아지 다리에 이런 진드기? 같은게... ,https://kin.naver.com/qna/detail.naver?d1id=8&dirId=80511&docId=493284127&qb=6rCV7JWE7KeA&enc=utf8
강아지 진드기 바로 때야하나요??,https://kin.naver.com/qna/detail.naver?d1id=8&dirId=80511&docId=492810902&qb=6rCV7JWE7KeA&enc=utf8
강아지눈주위염증,https://kin.naver.com/qna/detail.naver?d1id=8&dirId=80511&docId=492491780&qb=6rCV7JWE7KeA&enc=utf8
강아지 이상행동 뇌 문제일까요?,https://kin.naver.com/qna/detail.naver?d1id=8&dirId=80511&docId=493184898&qb=6rCV7JWE7KeA&enc=utf8
강아지 배에 이상한게 생겼어요,https://kin.naver.com/qna/detail.naver?d1id=8&dirId=80511&docId=492463131&qb=6rCV7JWE7KeA&enc=utf8
시골 믹스견 강아지 토했어요ㅜ,https://kin.naver.com/qna/detail.naver?d1id=8&dirId=80511&docId=493017516&qb=6rCV7JWE7KeA&enc=utf8
강아지 피부병,https://kin.naver.com/qna/detail.naver?d1id=8&dirId=80511&docId=489626593&qb=6rCV7JWE7KeA&enc=utf8
강아지 배에서 뭐가 만져져요,https://kin.naver.com/qna/detail.naver?d1id=8&dirId=80511&docId=493253118&qb=6rCV7JWE7KeA&enc=utf8
강아지 집 방문치료 가능한 동물병원... ,https://kin.naver.com/qna/detail.naver?d1id=8&dirId=80511&docId=493083955&qb=6rCV7JWE7KeA&enc=utf8
강아지 피부염인가요,https://kin.naver.com/qna/detail.naver?d1id=8&dirId=80511&docId=491727450&qb=6rCV7JWE7KeA&enc=utf8
강아지 동물 사체,https://kin.naver.com/qna/detail.naver?d1id=8&dirId=80511&docId=493253887&qb=6rCV7JWE7KeA&enc=utf8
강아지수술,https://kin.naver.com/qna/detail.naver?d1id=8&dirId=80511&docId=492641236&qb=6rCV7JWE7KeA&enc=utf8
